Accuracy,Precision,Recall,F1,AUC,Train Time (s)
0.8618181943893433,0.8664259927797834,0.8602150537634409,0.8633093525179856,0.9280244415347378,28.804991006851196
